Модель,MAE,RMSE,MAPE (%)
"ARIMA(5,1,2)",11.656350741231202,14.925676730624222,6.821503822506619
ETS,17.671593917234386,24.226327143063475,9.879685197546612
Linear Regression,1.1738555333242203e-13,1.49415460190805e-13,6.944667264924395e-14
